<?xml version="1.0" encoding="UTF-8"?>
<!DOCTYPE filesystem PUBLIC "-//NetBeans//DTD Filesystem 1.2//EN" "http://www.netbeans.org/dtds/filesystem-1_2.dtd">
<filesystem>
<!--    <folder name="Actions">
        <folder name="Projects">
            <file name="org-netbeans-modules-project-ui-OpenProject.instance">
                <attr name="delegate" newvalue="org.nbstudio.core.OpenProject"/>
                <attr name="displayName" bundlevalue="org.nbstudio.Bundle#CTL_OpenProject"/>
                <attr name="instanceCreate" methodvalue="org.openide.awt.Actions.alwaysEnabled"/> 
            </file>
        </folder>
    </folder>-->
    <!--    <folder name="Connections">
        <attr name="instanceCreate" methodvalue="org.nbstudio.core.Connection"/>
    </folder>-->
        
    <!--    <folder name="Loaders">
        <folder name="text">
            <folder name="isc-mac">
                <folder name="Factories">
                    <file name="org-nbstudio-core-mac-macDataLoader.instance">
                        <attr name="position" intvalue="100"/>
                    </file>
                </folder>
            </folder>
            <folder name="isc-cls">
                <folder name="Factories">
                </folder>
            </folder>
            <folder name="isc-csp">
                <folder name="Factories">
                </folder>
            </folder>
            <folder name="isc-inc">
                <folder name="Factories">
                </folder>
            </folder>
            <folder name="isc-bas">
                <folder name="Factories">
                </folder>
            </folder>
        </folder>
    </folder>-->
    <folder name="Actions">
        <folder name="Window">
            <file name="org-netbeans-core-ide-ServicesTabAction.instance_hidden"/>
        </folder>
    </folder>
    <folder name="Editors">
        <folder name="text">
            <folder name="isc-mac">
                <!--<file name="org-nbstudio-core-mac-editorKit.instance"/>-->
                <file name="org-netbeans-modules-editor-NbEditorKit.instance"/>
                <file name="org-nbstudio-syntax-mac-macEditorParser$Factory.instance"/>
                <file name="org-nbstudio-syntax-SyntaxErrorsHighlightingTask$Factory.instance"/>
                <file name="org-nbstudio-core-mac-macReformatTaskFactory.instance"/>
                <attr name="SystemFileSystem.localizingBundle" stringvalue="org.nbstudio.Bundle"/>
                <folder name="FontsColors">
                    <folder name="NetBeans">
                        <folder name="Defaults">
                            <file name="SyntaxColors.xml" url="macSyntaxColors.xml">
                                <attr name="SystemFileSystem.localizingBundle" stringvalue="org.nbstudio.Bundle"/>
                            </file>
                        </folder>
                    </folder>
                </folder>
                <folder name="Preferences">
                    <folder name="Defaults">
                        <file name="org.nbstudio.core.mac-editor-preferences.xml" url="mac/editor-preferences.xml"/>
                    </folder>
                </folder>
                <folder name="Formatting">
                    <attr name="position" intvalue="0"/>
                    <folder name="text">
                        <folder name="isc-mac">
                            <file name="TabsAndIndents.instance">
                                <attr name="instanceOf" stringvalue="org.netbeans.modules.options.editor.spi.PreferencesCustomizer$Factory"/>
                                <attr name="instanceCreate" methodvalue="org.netbeans.modules.options.editor.spi.CustomizerFactories.createDefaultTabsAndIndentsCustomizerFactory"/>
                                <attr name="position" intvalue="100"/>
                            </file>
                        </folder>
                    </folder>
                </folder>
            </folder>
            <folder name="isc-cls">
                <!--                <folder name="CompletionProviders">
                    <file name="org-nbstudio-core-cls-CodeCompletion.instance_hidden"/>
                    <file name="org-nbstudio-core-cls-clsCodeCompletion.instance">
                        <attr name="instanceOf" stringvalue="org.netbeans.spi.editor.completion.CompletionProvider"/>
                    </file>
                </folder>-->
                <file name="org-netbeans-modules-editor-NbEditorKit.instance"/>
                <file name="org-nbstudio-syntax-cls-clsEditorParser$Factory.instance"/>
                <file name="org-nbstudio-syntax-SyntaxErrorsHighlightingTask$Factory.instance"/>
                <file name="org-nbstudio-syntax-cls-clsEmbeddingProvider$Factory.instance"> 
                    <attr name="instanceOf" stringvalue="org.netbeans.modules.parsing.spi.TaskFactory"/> 
                </file> 
                <attr name="SystemFileSystem.localizingBundle" stringvalue="org.nbstudio.Bundle"/>
                <folder name="FontsColors">
                    <folder name="NetBeans">
                        <folder name="Defaults">
                            <file name="SyntaxColors.xml" url="clsSyntaxColors.xml">
                                <attr name="SystemFileSystem.localizingBundle" stringvalue="org.nbstudio.Bundle"/>
                            </file>
                        </folder>
                    </folder>
                </folder>
            </folder>
            <folder name="isc-xdata">
                <file name="org-netbeans-modules-editor-NbEditorKit.instance"/>
                <file name="org-nbstudio-syntax-xdata-xdataEditorParser$Factory.instance"/>
                <file name="org-nbstudio-syntax-SyntaxErrorsHighlightingTask$Factory.instance"/>
                <attr name="SystemFileSystem.localizingBundle" stringvalue="org.nbstudio.Bundle"/>
                <folder name="FontsColors">
                    <folder name="NetBeans">
                        <folder name="Defaults">
                            <file name="SyntaxColors.xml" url="xdataSyntaxColors.xml">
                                <attr name="SystemFileSystem.localizingBundle" stringvalue="org.nbstudio.Bundle"/>
                            </file>
                        </folder>
                    </folder>
                </folder>
            </folder>
            <folder name="isc-js">
                <file name="org-netbeans-modules-editor-NbEditorKit.instance"/>
            </folder>
            <folder name="isc-sql">
                <file name="org-netbeans-modules-editor-NbEditorKit.instance"/>
            </folder>
            <folder name="isc-bas">
                <file name="org-netbeans-modules-editor-NbEditorKit.instance"/>
            </folder>
            <folder name="isc-csp">
                <file name="org-netbeans-modules-editor-NbEditorKit.instance"/>
            </folder>
            <folder name="isc-inc">
                <file name="org-netbeans-modules-editor-NbEditorKit.instance"/>
            </folder>
        </folder>
    </folder>
    <folder name="OptionsDialog">
        <folder name="PreviewExamples">
            <folder name="text">
                <file name="isc-mac" url="macExample.mac"/>
                <file name="isc-cls" url="clsExample.cls"/>
                <file name="isc-xdata" url="xdataExample.xdata"/>
            </folder>
        </folder>
    </folder>    
    <folder name="Formatting">
        <attr name="position" intvalue="0"/>
        <folder name="text">
            <folder name="isc-mac">
                <file name="TabsAndIndents.instance">
                    <attr name="instanceOf" stringvalue="org.netbeans.modules.options.editor.spi.PreferencesCustomizer$Factory"/>
                    <attr name="instanceCreate" methodvalue="org.netbeans.modules.options.editor.spi.CustomizerFactories.createDefaultTabsAndIndentsCustomizerFactory"/>
                    <attr name="position" intvalue="100"/>
                </file>
            </folder>
        </folder>
    </folder>
    <folder name="Keymaps">
        <folder name="NetBeans">
            <file name="D-O.shadow">
                <attr name="originalFile" stringvalue="Actions/System/org-netbeans-modules-openfile-OpenFileAction.instance"/>
            </file>
            <file name="D-F2.shadow">
                <attr name="originalFile" stringvalue="Actions/Edit/bookmark-toggle.instance"/>
            </file>
            <file name="F2.shadow">
                <attr name="originalFile" stringvalue="Actions/Edit/bookmark-next.instance"/>
            </file>
            <file name="S-F2.shadow">
                <attr name="originalFile" stringvalue="Actions/Edit/bookmark-previous.instance"/>
            </file>            
        </folder>
    </folder>
    <folder name="Templates">
        <file name="Licenses_hidden"/>
        <file name="Other_hidden"/>
        <file name="Privileged_hidden"/>
        <file name="Project_hidden"/>
        <file name="Properties_hidden"/>
        <file name="Recent_hidden"/>
        <file name="Services_hidden"/>
        <file name="UnitTests_hidden"/>
        <file name="XML_hidden"/>
    </folder>
</filesystem>
